{
  "IcoMoonType": "selection",
  "icons": [
    {
      "icon": {
        "paths": [
          "M658.286 475.429c0-141.143-114.857-256-256-256s-256 114.857-256 256 114.857 256 256 256 256-114.857 256-256zM950.857 950.857c0 40-33.143 73.143-73.143 73.143-19.429 0-38.286-8-51.429-21.714l-196-195.429c-66.857 46.286-146.857 70.857-228 70.857-222.286 0-402.286-180-402.286-402.286s180-402.286 402.286-402.286 402.286 180 402.286 402.286c0 81.143-24.571 161.143-70.857 228l196 196c13.143 13.143 21.143 32 21.143 51.429z"
        ],
        "width": 950.8571428571428,
        "attrs": [],
        "isMulticolor": false,
        "isMulticolor2": false,
        "tags": [
          "search"
        ],
        "defaultCode": 61442,
        "grid": 14
      },
      "attrs": [],
      "properties": {
        "name": "search2",
        "id": 6,
        "order": 13,
        "prevSize": 28,
        "code": 61442
      },
      "setIdx": 0,
      "setId": 2,
      "iconIdx": 6
    },
    {
      "icon": {
        "paths": [
          "M585.143 457.143v36.571c0 9.714-8.571 18.286-18.286 18.286h-128v128c0 9.714-8.571 18.286-18.286 18.286h-36.571c-9.714 0-18.286-8.571-18.286-18.286v-128h-128c-9.714 0-18.286-8.571-18.286-18.286v-36.571c0-9.714 8.571-18.286 18.286-18.286h128v-128c0-9.714 8.571-18.286 18.286-18.286h36.571c9.714 0 18.286 8.571 18.286 18.286v128h128c9.714 0 18.286 8.571 18.286 18.286zM658.286 475.429c0-141.143-114.857-256-256-256s-256 114.857-256 256 114.857 256 256 256 256-114.857 256-256zM950.857 950.857c0 40.571-32.571 73.143-73.143 73.143-19.429 0-38.286-8-51.429-21.714l-196-195.429c-66.857 46.286-146.857 70.857-228 70.857-222.286 0-402.286-180-402.286-402.286s180-402.286 402.286-402.286 402.286 180 402.286 402.286c0 81.143-24.571 161.143-70.857 228l196 196c13.143 13.143 21.143 32 21.143 51.429z"
        ],
        "width": 950.8571428571428,
        "attrs": [],
        "isMulticolor": false,
        "isMulticolor2": false,
        "tags": [
          "search-plus"
        ],
        "defaultCode": 61454,
        "grid": 14
      },
      "attrs": [],
      "properties": {
        "name": "search-plus",
        "id": 18,
        "order": 11,
        "prevSize": 28,
        "code": 61454
      },
      "setIdx": 0,
      "setId": 2,
      "iconIdx": 18
    },
    {
      "icon": {
        "paths": [
          "M585.143 457.143v36.571c0 9.714-8.571 18.286-18.286 18.286h-329.143c-9.714 0-18.286-8.571-18.286-18.286v-36.571c0-9.714 8.571-18.286 18.286-18.286h329.143c9.714 0 18.286 8.571 18.286 18.286zM658.286 475.429c0-141.143-114.857-256-256-256s-256 114.857-256 256 114.857 256 256 256 256-114.857 256-256zM950.857 950.857c0 40.571-32.571 73.143-73.143 73.143-19.429 0-38.286-8-51.429-21.714l-196-195.429c-66.857 46.286-146.857 70.857-228 70.857-222.286 0-402.286-180-402.286-402.286s180-402.286 402.286-402.286 402.286 180 402.286 402.286c0 81.143-24.571 161.143-70.857 228l196 196c13.143 13.143 21.143 32 21.143 51.429z"
        ],
        "width": 950.8571428571428,
        "attrs": [],
        "isMulticolor": false,
        "isMulticolor2": false,
        "tags": [
          "search-minus"
        ],
        "defaultCode": 61456,
        "grid": 14
      },
      "attrs": [],
      "properties": {
        "name": "search-minus",
        "id": 19,
        "order": 12,
        "prevSize": 28,
        "code": 61456
      },
      "setIdx": 0,
      "setId": 2,
      "iconIdx": 19
    },
    {
      "icon": {
        "paths": [
          "M877.714 146.286v256c0 20-16.571 36.571-36.571 36.571h-256c-14.857 0-28-9.143-33.714-22.857-5.714-13.143-2.857-29.143 8-39.429l78.857-78.857c-53.714-49.714-124.571-78.286-199.429-78.286-161.143 0-292.571 131.429-292.571 292.571s131.429 292.571 292.571 292.571c90.857 0 174.857-41.143 230.857-113.714 2.857-4 8-6.286 13.143-6.857 5.143 0 10.286 1.714 14.286 5.143l78.286 78.857c6.857 6.286 6.857 17.143 1.143 24.571-83.429 100.571-206.857 158.286-337.714 158.286-241.714 0-438.857-197.143-438.857-438.857s197.143-438.857 438.857-438.857c112.571 0 221.714 45.143 302.286 121.143l74.286-73.714c10.286-10.857 26.286-13.714 40-8 13.143 5.714 22.286 18.857 22.286 33.714z"
        ],
        "width": 877.7142857142857,
        "attrs": [],
        "isMulticolor": false,
        "isMulticolor2": false,
        "tags": [
          "repeat",
          "rotate-right"
        ],
        "defaultCode": 61470,
        "grid": 14
      },
      "attrs": [],
      "properties": {
        "name": "repeat, rotate-right",
        "id": 33,
        "order": 10,
        "prevSize": 28,
        "code": 61470
      },
      "setIdx": 0,
      "setId": 2,
      "iconIdx": 33
    },
    {
      "icon": {
        "paths": [
          "M863.429 603.429c0 1.143 0 2.857-0.571 4-48.571 202.286-215.429 343.429-426.286 343.429-111.429 0-219.429-44-300.571-121.143l-73.714 73.714c-6.857 6.857-16 10.857-25.714 10.857-20 0-36.571-16.571-36.571-36.571v-256c0-20 16.571-36.571 36.571-36.571h256c20 0 36.571 16.571 36.571 36.571 0 9.714-4 18.857-10.857 25.714l-78.286 78.286c53.714 50.286 125.143 78.857 198.857 78.857 101.714 0 196-52.571 249.143-139.429 13.714-22.286 20.571-44 30.286-66.857 2.857-8 8.571-13.143 17.143-13.143h109.714c10.286 0 18.286 8.571 18.286 18.286zM877.714 146.286v256c0 20-16.571 36.571-36.571 36.571h-256c-20 0-36.571-16.571-36.571-36.571 0-9.714 4-18.857 10.857-25.714l78.857-78.857c-54.286-50.286-125.714-78.286-199.429-78.286-101.714 0-196 52.571-249.143 139.429-13.714 22.286-20.571 44-30.286 66.857-2.857 8-8.571 13.143-17.143 13.143h-113.714c-10.286 0-18.286-8.571-18.286-18.286v-4c49.143-202.857 217.714-343.429 428.571-343.429 112 0 221.143 44.571 302.286 121.143l74.286-73.714c6.857-6.857 16-10.857 25.714-10.857 20 0 36.571 16.571 36.571 36.571z"
        ],
        "width": 877.7142857142857,
        "attrs": [],
        "isMulticolor": false,
        "isMulticolor2": false,
        "tags": [
          "refresh"
        ],
        "defaultCode": 61473,
        "grid": 14
      },
      "attrs": [],
      "properties": {
        "name": "refresh",
        "id": 34,
        "order": 9,
        "prevSize": 28,
        "code": 61473
      },
      "setIdx": 0,
      "setId": 2,
      "iconIdx": 34
    },
    {
      "icon": {
        "paths": [
          "M1024 384h-384l143.53-143.53c-72.53-72.526-168.96-112.47-271.53-112.47s-199 39.944-271.53 112.47c-72.526 72.53-112.47 168.96-112.47 271.53s39.944 199 112.47 271.53c72.53 72.526 168.96 112.47 271.53 112.47s199-39.944 271.528-112.472c6.056-6.054 11.86-12.292 17.456-18.668l96.32 84.282c-93.846 107.166-231.664 174.858-385.304 174.858-282.77 0-512-229.23-512-512s229.23-512 512-512c141.386 0 269.368 57.326 362.016 149.984l149.984-149.984v384z"
        ],
        "tags": [
          "spinner",
          "loading",
          "loading-wheel",
          "refresh",
          "repeat",
          "busy",
          "wait",
          "arrow"
        ],
        "defaultCode": 59780,
        "grid": 16,
        "attrs": []
      },
      "attrs": [],
      "properties": {
        "ligatures": "spinner11, loading12",
        "name": "spinner11",
        "order": 7,
        "id": 133,
        "prevSize": 32,
        "code": 59780
      },
      "setIdx": 1,
      "setId": 1,
      "iconIdx": 132
    },
    {
      "icon": {
        "paths": [
          "M992.262 871.396l-242.552-206.294c-25.074-22.566-51.89-32.926-73.552-31.926 57.256-67.068 91.842-154.078 91.842-249.176 0-212.078-171.922-384-384-384-212.076 0-384 171.922-384 384s171.922 384 384 384c95.098 0 182.108-34.586 249.176-91.844-1 21.662 9.36 48.478 31.926 73.552l206.294 242.552c35.322 39.246 93.022 42.554 128.22 7.356s31.892-92.898-7.354-128.22zM384 640c-141.384 0-256-114.616-256-256s114.616-256 256-256 256 114.616 256 256-114.614 256-256 256z"
        ],
        "tags": [
          "search",
          "magnifier",
          "magnifying-glass",
          "inspect",
          "find"
        ],
        "defaultCode": 59782,
        "grid": 16,